dpr_hourly,1970-04-16,1
dpr_hourly,1970-05-28,1
dpr_hourly,1972-09-22,1
dpr_hourly,1973-08-23,1
dpr_hourly,1973-12-24,1
dpr_hourly,1974-01-26,1
dpr_hourly,1977-01-28,1
dpr_hourly,1977-01-30,1
dpr_hourly,1977-03-16,1
dpr_hourly,1977-04-12,1
dpr_hourly,1977-06-24,1
dpr_hourly,1977-07-06,2
dpr_hourly,1977-09-08,2
dpr_hourly,1977-09-12,1
dpr_hourly,1978-06-07,1
dpr_hourly,1978-07-11,1
dpr_hourly,1979-01-09,1
dpr_hourly,1980-04-10,1
dpr_hourly,1980-07-07,1
dpr_hourly,1980-07-29,1
dpr_hourly,1980-11-16,1
dpr_hourly,1980-12-21,2
dpr_hourly,1982-03-28,2
dpr_hourly,1982-03-30,1
dpr_hourly,1982-08-14,1
dpr_hourly,1982-08-28,2
dpr_hourly,1983-09-27,1
dpr_hourly,1984-03-15,1
dpr_hourly,1984-04-18,1
dpr_hourly,1984-05-20,1
dpr_hourly,1984-06-09,1
dpr_hourly,1984-08-17,1
dpr_hourly,1984-10-17,2
dpr_hourly,1986-01-27,1
dpr_hourly,1986-03-17,1
dpr_hourly,1986-11-29,1
dpr_hourly,1988-03-11,1
dpr_hourly,1988-06-23,1
dpr_hourly,1989-02-20,1
dpr_hourly,1989-06-19,1
dpr_hourly,1989-08-14,1
dpr_hourly,1989-09-11,1
dpr_hourly,1989-10-09,1
dpr_hourly,1990-06-16,1
dpr_hourly,1990-12-29,1
dpr_hourly,1991-02-12,1
dpr_hourly,1991-04-02,1
dpr_hourly,1991-05-02,1
dpr_hourly,1991-08-12,1
dpr_hourly,1992-11-14,1
dpr_hourly,1992-12-20,1
dpr_hourly,1993-01-08,1
dpr_hourly,1994-05-23,1
dpr_hourly,1995-04-13,1
dpr_hourly,1995-08-15,1
dpr_hourly,1996-05-17,1
dpr_hourly,1996-06-14,1
dpr_hourly,1996-07-07,1
dpr_hourly,1996-11-21,1
dpr_hourly,1997-06-04,1
dpr_hourly,1997-10-24,1
dpr_hourly,1998-03-26,1
dpr_hourly,1998-05-21,1
dpr_hourly,1998-07-25,1
dpr_hourly,1998-07-27,1
dpr_hourly,1999-02-11,1
dpr_hourly,1999-05-19,1
dpr_hourly,2000-02-17,3
dpr_hourly,2000-02-29,1
dpr_hourly,2000-03-10,1
dpr_hourly,2000-03-12,1
dpr_hourly,2000-03-14,1
dpr_hourly,2000-03-16,2
dpr_hourly,2000-03-20,1
dpr_hourly,2000-04-04,1
dpr_hourly,2000-04-28,1
dpr_hourly,2000-05-03,1
dpr_hourly,2000-06-02,2
dpr_hourly,2000-06-03,1
dpr_hourly,2000-10-02,1
dpr_hourly,2001-04-03,1
dpr_hourly,2001-04-04,1
dpr_hourly,2001-04-05,2
dpr_hourly,2001-10-10,1
dpr_hourly,2001-12-11,1
dpr_hourly,2001-12-25,1
dpr_hourly,2002-03-09,1
dpr_hourly,2002-06-14,1
dpr_hourly,2002-07-17,1
dpr_hourly,2002-09-23,1
dpr_hourly,2002-10-18,1
dpr_hourly,2003-05-22,1
dpr_hourly,2003-06-07,1
dpr_hourly,2003-08-12,1
dpr_hourly,2003-10-30,1
dpr_hourly,2003-12-04,1
dpr_hourly,2004-11-13,1
dpr_hourly,2005-05-10,1
dpr_hourly,2007-03-31,1
dpr_hourly,2007-04-19,1
dpr_hourly,2007-08-13,1
dpr_hourly,2008-03-28,1
dpr_hourly,2008-09-13,1
dpr_hourly,2008-09-18,2
dpr_hourly,2008-12-23,1
dpr_hourly,2009-02-15,1
dpr_hourly,2009-10-23,1
dpr_hourly,2009-12-31,1
dpr_hourly,2010-07-18,1
dpr_hourly,2010-07-29,1
dpr_hourly,2010-07-31,1
dpr_hourly,2010-08-04,2
dpr_hourly,2010-08-06,1
dpr_hourly,2010-08-08,1
dpr_hourly,2010-11-06,1
dpr_hourly,2011-01-21,1
dpr_hourly,2011-02-08,1
dpr_hourly,2011-11-11,1
dpr_hourly,2011-12-03,1
dpr_hourly,2012-03-04,1
dpr_hourly,2012-06-24,1
dpr_hourly,2012-12-16,1
dpr_hourly,2013-09-18,1
dpr_hourly,2013-12-21,1
dpr_hourly,2014-06-02,1
dpr_hourly,2014-06-11,1
dpr_hourly,2014-07-23,1
dpr_hourly,2014-08-02,1
dpr_hourly,2014-11-22,1
dpr_hourly,2014-12-04,1
dpr_hourly,2015-04-08,1
dpr_hourly,2015-04-12,1
dpr_hourly,2015-04-29,1
dpr_hourly,2015-06-06,1
dpr_hourly,2015-06-26,1
dpr_hourly,2015-08-08,1
dpr_hourly,2015-08-30,1
dpr_hourly,2015-09-04,1
dpr_hourly,2015-10-10,1
dpr_hourly,2015-10-29,1
dpr_hourly,2016-01-30,1
dpr_hourly,2016-05-31,1
dpr_hourly,2017-01-06,1
dpr_hourly,2017-01-25,1
dpr_hourly,2017-02-11,1
dpr_hourly,2017-07-03,1
dpr_hourly,2017-10-18,1
dpr_hourly,2017-11-02,2
dpr_hourly,2017-11-06,1
dpr_hourly,2017-12-19,1
dpr_hourly,2017-12-27,1
dpr_hourly,2017-12-30,1
dpr_hourly,2018-01-01,1
dpr_hourly,2018-01-13,1
dpr_hourly,2018-02-03,1
dpr_hourly,2018-02-21,1
dpr_hourly,2018-03-30,1
dpr_hourly,2018-05-31,1
dpr_hourly,2018-06-30,1
dpr_hourly,2018-09-06,1
dpr_hourly,2018-09-12,1
dpr_hourly,2018-10-24,1
dpr_hourly,2018-11-21,1
dpr_hourly,2018-12-30,1
dpr_hourly,2019-01-01,1
dpr_hourly,2019-01-06,1
dpr_hourly,2019-03-31,1
dpr_hourly,2019-04-03,1
dpr_hourly,2019-04-07,1
dpr_hourly,2019-04-19,3
dpr_hourly,2019-04-24,1
dpr_hourly,2019-04-25,1
dpr_hourly,2019-05-13,1
dpr_hourly,2019-05-19,1
dpr_hourly,2019-06-04,1
dpr_hourly,2019-08-10,1
dpr_hourly,2019-08-21,1
dpr_hourly,2019-09-07,1
dpr_hourly,2019-09-25,1
dpr_hourly,2019-09-28,1
dpr_hourly,2019-10-01,1
dpr_hourly,2019-10-25,1
dpr_hourly,2019-11-04,1
dpr_hourly,2019-11-08,1
dpr_hourly,2019-11-13,1
dpr_hourly,2019-12-20,1
dpr_hourly,2020-01-05,1
dpr_hourly,2020-01-18,1
dpr_hourly,2020-02-02,1
dpr_hourly,2020-02-22,1
dpr_hourly,2020-03-17,1
dpr_hourly,2020-03-31,1
dpr_hourly,2020-04-02,1
dpr_hourly,2020-04-06,1
dpr_hourly,2020-04-28,2
dpr_hourly,2020-04-30,2
dpr_hourly,2020-05-02,1
dpr_hourly,2020-05-04,1
dpr_hourly,2020-05-08,1
dpr_hourly,2020-05-10,1
dpr_hourly,2020-05-16,1
dpr_hourly,2020-06-10,1
dpr_hourly,2020-08-23,1
dpr_hourly,2020-08-25,1
dpr_hourly,2020-10-30,1
dpr_hourly,2021-09-15,1
dpr_hourly,2021-09-27,1
dpr_hourly,2021-09-29,1
dpr_hourly,2021-10-07,2
dpr_hourly,2021-10-19,1
dpr_hourly,2021-12-27,1
dpr_hourly,2022-02-21,1
dpr_hourly,2022-04-06,1
dpr_hourly,2022-04-10,1
dpr_hourly,2022-04-15,1
dpr_hourly,2022-04-28,1
dpr_hourly,2022-05-08,1
dpr_hourly,2022-07-11,1
dpr_hourly,2022-07-14,1
dpr_hourly,2022-08-07,1
dpr_hourly,2022-08-29,1
dpr_hourly,2022-08-31,1
dpr_hourly,2022-09-11,1
dpr_hourly,2022-09-13,2
dpr_hourly,2022-09-15,2
dpr_hourly,2022-09-30,1
dpr_hourly,2022-10-22,1
dpr_hourly,2022-10-31,1
dpr_hourly,2022-11-20,1
dpr_hourly,2022-12-04,1
dpr_hourly,2022-12-14,1
dpr_hourly,2023-01-01,1
dpr_hourly,2023-02-20,1
dpr_hourly,2023-02-28,2
dpr_hourly,2023-03-02,1
dpr_hourly,2023-03-12,1
dpr_hourly,2023-03-20,1
dpr_hourly,2023-03-27,1
dpr_hourly,2023-03-28,1
dpr_hourly,2023-04-11,2
dpr_hourly,2023-04-25,1
dpr_hourly,2023-05-21,1
dpr_hourly,2023-05-28,1
dpr_hourly,2023-07-22,1
dpr_hourly,2023-08-05,2
dpr_hourly,2023-08-09,1
dpr_hourly,2023-08-13,1
dpr_hourly,2023-08-19,1
dpr_hourly,2023-09-02,1
dpr_hourly,2023-09-10,1
dpr_hourly,2023-09-11,1
dpr_hourly,2023-09-12,1
dpr_hourly,2023-09-17,1
dpr_hourly,2023-09-19,1
dpr_hourly,2023-09-20,1
dpr_hourly,2023-09-21,1
dpr_hourly,2023-09-23,1
dpr_hourly,2023-10-08,1
dpr_hourly,2023-10-11,2
dpr_hourly,2023-10-14,1
dpr_hourly,2023-10-17,1
dpr_hourly,2023-10-21,1
dpr_hourly,2023-10-26,1
dpr_hourly,2023-10-29,1
dpr_hourly,2023-11-03,1
dpr_hourly,2023-11-05,1
dpr_hourly,2023-11-09,2
dpr_hourly,2023-11-10,1
dpr_hourly,2023-11-11,1
dpr_hourly,2023-11-15,1
dpr_hourly,2023-11-19,2
dpr_hourly,2023-11-28,1
dpr_hourly,2023-11-29,1
dpr_hourly,2023-12-03,1
dpr_hourly,2023-12-17,1
dpr_hourly,2023-12-20,1
dpr_hourly,2023-12-24,1
dpr_hourly,2023-12-25,1
dpr_hourly,2023-12-26,1
dpr_hourly,2023-12-30,1
dpr_hourly,2023-12-31,1
dpr_hourly,2024-01-02,2
dpr_hourly,2024-01-07,2
dpr_hourly,2024-01-08,5
dpr_hourly,2024-01-16,1
dpr_hourly,2024-01-17,3
dpr_hourly,2024-01-18,1
dpr_hourly,2024-01-19,1
dpr_hourly,2024-01-20,1
dpr_hourly,2024-01-23,2
dpr_hourly,2024-01-24,4
dpr_hourly,2024-01-25,1
dpr_hourly,2024-01-26,1
dpr_hourly,2024-01-27,3
dpr_hourly,2024-01-28,1
dpr_hourly,2024-01-29,2
dpr_hourly,2024-01-31,1
dpr_hourly,2024-02-02,1
dpr_hourly,2024-02-03,2
dpr_hourly,2024-02-04,2
dpr_hourly,2024-02-05,1
dpr_hourly,2024-02-06,4
dpr_hourly,2024-02-07,3
dpr_hourly,2024-02-08,2
dpr_hourly,2024-02-09,5
dpr_hourly,2024-02-10,4
dpr_hourly,2024-02-11,9
dpr_hourly,2024-02-15,1
dpr_hourly,2024-02-17,1
dpr_hourly,2024-02-22,1
dpr_hourly,2024-02-25,1
dpr_hourly,2024-02-29,1
dpr_hourly,2024-03-04,1
dpr_hourly,2024-03-12,1
dpr_hourly,2024-03-14,1
dpr_hourly,2024-03-18,2
dpr_hourly,2024-03-30,1
dpr_hourly,2024-04-19,2
dpr_hourly,2024-04-23,1
dpr_hourly,2024-05-01,1
dpr_hourly,2024-05-17,1
dpr_hourly,2024-05-22,1
dpr_hourly,2024-05-23,1
dpr_hourly,2024-06-04,2
dpr_hourly,2024-06-10,2
dpr_hourly,2024-07-01,1
dpr_hourly,2024-07-03,1
dpr_hourly,2024-07-04,1
dpr_hourly,2024-07-24,3
dpr_hourly,2024-07-25,13
dpr_hourly,2024-08-11,1
dpr_hourly,2024-08-16,1
dpr_hourly,2024-08-18,1
dpr_hourly,2024-09-05,1
dpr_hourly,2024-09-10,1
dpr_hourly,2024-09-11,1
dpr_hourly,2024-09-14,1
dpr_hourly,2024-10-01,1
dpr_hourly,2024-10-10,1
dpr_hourly,2024-10-14,1
dpr_hourly,2024-10-21,1
dpr_hourly,2024-10-27,1
dpr_hourly,2024-10-31,1
dpr_hourly,2024-11-05,1
dpr_hourly,2024-11-15,2
dpr_hourly,2024-11-16,1
dpr_hourly,2024-11-23,1
dpr_hourly,2024-11-29,1
dpr_hourly,2024-12-05,1
dpr_hourly,2024-12-08,1
dpr_hourly,2024-12-11,1
dpr_hourly,2024-12-12,1
dpr_hourly,2024-12-14,1
dpr_hourly,2024-12-17,2
dpr_hourly,2024-12-18,1
dpr_hourly,2024-12-24,1
dpr_hourly,2024-12-28,1
dpr_hourly,2024-12-30,1
dpr_hourly,2025-01-02,1
dpr_hourly,2025-01-05,2
dpr_hourly,2025-01-06,1
dpr_hourly,2025-01-09,1
dpr_hourly,2025-01-10,1
dpr_hourly,2025-01-11,3
dpr_hourly,2025-01-13,1
dpr_hourly,2025-01-14,1
dpr_hourly,2025-01-15,1
dpr_hourly,2025-01-17,1
dpr_hourly,2025-01-19,2
dpr_hourly,2025-01-20,1
dpr_hourly,2025-01-27,1
dpr_hourly,2025-01-29,1
dpr_hourly,2025-02-13,1
dpr_hourly,2025-02-14,1
dpr_hourly,2025-02-15,1
dpr_hourly,2025-02-21,1
dpr_hourly,2025-02-22,1
dpr_hourly,2025-02-27,1
dpr_hourly,2025-03-01,1
dpr_hourly,2025-03-07,1
dpr_hourly,2025-03-09,1
dpr_hourly,2025-03-14,1
dpr_hourly,2025-03-15,3
dpr_hourly,2025-03-24,1
dpr_hourly,2025-03-28,1
dpr_hourly,2025-03-31,2
dpr_hourly,2025-04-01,4
dpr_hourly,2025-04-03,1
dpr_hourly,2025-04-06,1
dpr_hourly,2025-04-07,1
dpr_hourly,2025-04-08,1
dpr_hourly,2025-04-09,3
dpr_hourly,2025-04-15,1
dpr_hourly,2025-04-16,1
dpr_hourly,2025-04-18,3
dpr_hourly,2025-04-19,1
dpr_hourly,2025-04-21,1
dpr_hourly,2025-04-22,2
dpr_hourly,2025-04-23,2
dpr_hourly,2025-04-24,1
dpr_hourly,2025-04-28,1
dpr_hourly,2025-04-29,1
dpr_hourly,2025-05-01,1
dpr_hourly,2025-05-06,2
dpr_hourly,2025-05-07,2
dpr_hourly,2025-05-09,1
dpr_hourly,2025-05-11,1
dpr_hourly,2025-05-13,1
dpr_hourly,2025-05-15,5
dpr_hourly,2025-05-17,1
dpr_hourly,2025-05-18,1
dpr_hourly,2025-05-21,2
dpr_hourly,2025-05-23,2
dpr_hourly,2025-05-26,2
dpr_hourly,2025-05-27,5
dpr_hourly,2025-05-28,3
dpr_hourly,2025-05-29,1
dpr_hourly,2025-05-31,4
dpr_hourly,2025-06-03,3
dpr_hourly,2025-06-04,1
dpr_hourly,2025-06-06,3
dpr_hourly,2025-06-08,1
dpr_hourly,2025-06-10,1
dpr_hourly,2025-06-11,2
dpr_hourly,2025-06-12,3
dpr_hourly,2025-06-13,1
dpr_hourly,2025-06-15,2
dpr_hourly,2025-06-16,1
dpr_hourly,2025-06-18,2
dpr_hourly,2025-06-20,1
dpr_hourly,2025-06-21,2
dpr_hourly,2025-06-22,1
dpr_hourly,2025-06-24,5
dpr_hourly,2025-06-26,1
dpr_hourly,2025-06-28,2
dpr_hourly,2025-06-29,3
dpr_hourly,2025-06-30,4
dpr_hourly,2025-07-01,1
dpr_hourly,2025-07-02,2
dpr_hourly,2025-07-03,1
dpr_hourly,2025-07-04,6
dpr_hourly,2025-07-06,1
dpr_hourly,2025-07-07,2
dpr_hourly,2025-07-09,1
dpr_hourly,2025-07-11,2
dpr_hourly,2025-07-13,1
dpr_hourly,2025-07-14,1
dpr_hourly,2025-07-15,2
dpr_hourly,2025-07-17,2
dpr_hourly,2025-07-19,1
dpr_hourly,2025-07-22,1
dpr_hourly,2025-07-23,2
dpr_hourly,2025-07-25,1
dpr_hourly,2025-07-29,1
dpr_hourly,2025-07-30,1
dpr_hourly,2025-08-01,1
dpr_hourly,2025-08-05,1
dpr_hourly,2025-08-07,1
dpr_hourly,2025-08-08,1
dpr_hourly,2025-08-09,1
dpr_hourly,2025-08-10,1
dpr_hourly,2025-08-13,8
dpr_hourly,2025-08-14,2
dpr_hourly,2025-08-15,3
dpr_hourly,2025-08-16,1
dpr_hourly,2025-08-17,1
dpr_hourly,2025-08-19,1
dpr_hourly,2025-08-21,1
dpr_hourly,2025-08-22,3
dpr_hourly,2025-08-23,1
dpr_hourly,2025-08-24,2
dpr_hourly,2025-08-25,2
dpr_hourly,2025-08-26,1
dpr_hourly,2025-08-27,1
dpr_hourly,2025-08-28,2
dpr_hourly,2025-08-29,7
dpr_hourly,2025-09-01,1
dpr_hourly,2025-09-03,3
dpr_hourly,2025-09-05,3
dpr_hourly,2025-09-06,1
dpr_hourly,2025-09-07,1
dpr_hourly,2025-09-08,1
dpr_hourly,2025-09-09,2
dpr_hourly,2025-09-10,1
dpr_hourly,2025-09-12,2
dpr_hourly,2025-09-13,2
dpr_hourly,2025-09-15,1
dpr_hourly,2025-09-17,1
dpr_hourly,2025-09-18,1
dpr_hourly,2025-09-22,1
dpr_hourly,2025-09-23,2
dpr_hourly,2025-09-25,1
dpr_hourly,2025-10-01,2
dpr_hourly,2025-10-05,2
dpr_hourly,2025-10-06,1
dpr_hourly,2025-10-07,1
dpr_hourly,2025-10-08,2
dpr_hourly,2025-10-09,2
dpr_hourly,2025-10-10,4
dpr_hourly,2025-10-11,5
dpr_hourly,2025-10-12,1
dpr_hourly,2025-10-13,1
dpr_hourly,2025-10-16,1
dpr_hourly,2025-10-17,1
dpr_hourly,2025-10-18,2
dpr_hourly,2025-10-19,2
dpr_hourly,2025-10-20,2
dpr_hourly,2025-10-21,1
dpr_hourly,2025-10-23,1
dpr_hourly,2025-10-24,1
dpr_hourly,2025-10-25,1
dpr_hourly,2025-10-26,4
dpr_hourly,2025-10-27,1
dpr_hourly,2025-10-28,6
dpr_hourly,2025-10-29,3
dpr_hourly,2025-10-30,2
dpr_hourly,2025-10-31,7
dpr_hourly,2025-11-01,1
dpr_hourly,2025-11-02,1
dpr_hourly,2025-11-03,2
dpr_hourly,2025-11-05,1
dpr_hourly,2025-11-06,2
dpr_hourly,2025-11-08,2
dpr_hourly,2025-11-09,3
dpr_hourly,2025-11-10,4
dpr_hourly,2025-11-11,3
dpr_hourly,2025-11-12,3
dpr_hourly,2025-11-13,3
dpr_hourly,2025-11-14,3
dpr_hourly,2025-11-15,2
dpr_hourly,2025-11-16,2
dpr_hourly,2025-11-17,1
dpr_hourly,2025-11-18,1
dpr_hourly,2025-11-19,1
dpr_hourly,2025-11-20,1
dpr_hourly,2025-11-21,3
dpr_hourly,2025-11-22,5
dpr_hourly,2025-11-23,5
dpr_hourly,2025-11-24,4
dpr_hourly,2025-11-25,3
dpr_hourly,2025-11-26,12
dpr_hourly,2025-11-27,4
dpr_hourly,2025-11-28,3
dpr_hourly,2025-11-29,6
dpr_hourly,2025-11-30,3
dpr_hourly,2025-12-01,6
dpr_hourly,2025-12-02,6
dpr_hourly,2025-12-03,2
dpr_hourly,2025-12-04,15
dpr_hourly,2025-12-05,7
dpr_hourly,2025-12-06,11
dpr_hourly,2025-12-07,7
dpr_hourly,2025-12-08,12
dpr_hourly,2025-12-09,7
dpr_hourly,2025-12-10,4
dpr_hourly,2025-12-11,8
dpr_hourly,2025-12-12,4
dpr_hourly,2025-12-13,4
dpr_hourly,2025-12-14,1
dpr_hourly,2025-12-15,7
dpr_hourly,2025-12-16,4
dpr_hourly,2025-12-17,8
dpr_hourly,2025-12-18,2
dpr_hourly,2025-12-19,1
dpr_hourly,2025-12-20,4
dpr_hourly,2025-12-21,3
dpr_hourly,2025-12-22,3
dpr_hourly,2025-12-23,3
dpr_hourly,2025-12-24,1
dpr_hourly,2025-12-25,4
dpr_hourly,2025-12-26,2
dpr_hourly,2025-12-28,3
dpr_hourly,2025-12-29,7
dpr_hourly,2025-12-30,2
dpr_hourly,2025-12-31,1
dpr_hourly,2026-01-01,2
dpr_hourly,2026-01-02,1
dpr_hourly,2026-01-03,1
dpr_hourly,2026-01-04,4
dpr_hourly,2026-01-05,3
dpr_hourly,2026-01-06,4
dpr_hourly,2026-01-07,1
dpr_hourly,2026-01-08,10
dpr_hourly,2026-01-09,3
dpr_hourly,2026-01-10,5
dpr_hourly,2026-01-11,1
dpr_hourly,2026-01-12,3
dpr_hourly,2026-01-14,2
dpr_hourly,2026-01-15,2
dpr_hourly,2026-01-17,5
dpr_hourly,2026-01-18,3
dpr_hourly,2026-01-19,12
dpr_hourly,2026-01-21,1
dpr_hourly,2026-01-22,2
dpr_hourly,2026-01-26,1
dpr_hourly,2026-01-27,24
dpr_hourly,2026-01-28,2
dpr_hourly,2026-01-29,1
dpr_hourly,2026-01-30,1
dpr_hourly,2026-01-31,2
dpr_hourly,2026-02-02,3
dpr_hourly,2026-02-03,3
dpr_hourly,2026-02-04,1
dpr_hourly,2026-02-05,1
dpr_hourly,2026-02-06,4
dpr_hourly,2026-02-07,1
dpr_hourly,2026-02-08,3
dpr_hourly,2026-02-09,4
dpr_hourly,2026-02-10,8
dpr_hourly,2026-02-11,3
dpr_hourly,2026-02-12,7
dpr_hourly,2026-02-13,3
dpr_hourly,2026-02-14,3
dpr_hourly,2026-02-16,7
dpr_hourly,2026-02-17,2
dpr_hourly,2026-02-18,3
dpr_hourly,2026-02-19,6
dpr_hourly,2026-02-20,6
dpr_hourly,2026-02-21,1
dpr_hourly,2026-02-22,21
dpr_hourly,2026-02-23,5
dpr_hourly,2026-02-24,13
dpr_hourly,2026-02-25,5
dpr_hourly,2026-02-26,10
dpr_hourly,2026-02-27,18
dpr_hourly,2026-02-28,22
dpr_hourly,2026-03-01,26
dpr_hourly,2026-03-02,20
dpr_hourly,2026-03-03,27
dpr_hourly,2026-03-04,22
dpr_hourly,2026-03-05,24
dpr_hourly,2026-03-06,11
dpr_hourly,2026-03-07,5
dpr_hourly,2026-03-08,3
dpr_hourly,2026-03-10,1
dpr_hourly,2026-03-11,2
dpr_hourly,2026-03-12,4
dpr_hourly,2026-03-13,1
dpr_hourly,2026-03-14,2
dpr_hourly,2026-03-15,1
dpr_hourly,2026-03-16,1
dpr_hourly,2026-03-17,2
dpr_hourly,2026-03-18,1
dpr_hourly,2026-03-19,5
dpr_hourly,2026-03-20,4
dpr_hourly,2026-03-21,6
dpr_hourly,2026-03-22,3
dpr_hourly,2026-03-23,12
dpr_hourly,2026-03-24,5
dpr_hourly,2026-03-25,8
dpr_hourly,2026-03-26,10
dpr_hourly,2026-03-27,8
dpr_hourly,2026-03-28,8
dpr_hourly,2026-03-29,4
dpr_hourly,2026-03-30,5
dpr_hourly,2026-03-31,4
dpr_hourly,2026-04-01,10
dpr_hourly,2026-04-02,2
dpr_hourly,2026-04-03,1
dpr_hourly,2026-04-04,5
dpr_hourly,2026-04-05,5
dpr_hourly,2026-04-06,7
dpr_hourly,2026-04-07,3
dpr_hourly,2026-04-08,2
dpr_hourly,2026-04-09,2
dpr_hourly,2026-04-10,8
dpr_hourly,2026-04-12,7
dpr_hourly,2026-04-13,9
dpr_hourly,2026-04-15,3
dpr_hourly,2026-04-16,2
dpr_hourly,2026-04-17,12
dpr_hourly,2026-04-18,6
dpr_hourly,2026-04-19,19
dpr_hourly,2026-04-20,4
dpr_hourly,2026-04-21,2
dpr_hourly,2026-04-22,2
dpr_hourly,2026-04-23,3
dpr_hourly,2026-04-24,4
dpr_hourly,2026-04-25,6
dpr_hourly,2026-04-26,8
dpr_hourly,2026-04-27,1
dpr_hourly,2026-04-28,5
dpr_hourly,2026-04-29,6
dpr_hourly,2026-04-30,6
dpr_hourly,2026-05-01,3
dpr_hourly,2026-05-02,13
dpr_hourly,2026-05-03,6
dpr_hourly,2026-05-04,3
dpr_hourly,2026-05-05,3
dpr_hourly,2026-05-06,21
dpr_hourly,2026-05-07,10
dpr_hourly,2026-05-08,10
dpr_hourly,2026-05-09,11
dpr_hourly,2026-05-10,6
dpr_hourly,2026-05-11,10
dpr_hourly,2026-05-12,6
dpr_hourly,2026-05-13,12
dpr_hourly,2026-05-14,5
dpr_hourly,2026-05-15,7
dpr_hourly,2026-05-16,2
dpr_hourly,2026-05-17,12
dpr_hourly,2026-05-18,20
dpr_hourly,2026-05-19,6
dpr_hourly,2026-05-20,17
dpr_hourly,2026-05-21,76
dpr_hourly,2026-05-22,1314
dpr_hourly,2026-05-23,1323
dpr_hourly,2026-05-24,1372
dpr_hourly,2026-05-25,1201
dpr_hourly,2026-05-26,1377
dpr_hourly,2026-05-27,336
dpr_hourly,2026-05-28,1577
dpr_hourly,2026-05-29,2053
dpr_hourly,2026-05-30,871
dpr_hourly,2026-05-31,3178
dpr_hourly,2026-06-01,441
dpr_hourly,2026-06-02,34
dpr_hourly,2026-06-03,304
dpr_hourly,2026-06-04,964
dpr_hourly,2026-06-05,2170
dpr_hourly,2026-06-06,2123
dpr_hourly,2026-06-07,2076
dpr_hourly,2026-06-08,2568
dpr_hourly,2026-06-09,2600
dpr_hourly,2026-06-10,2866
dpr_hourly,2026-06-11,2743
dpr_hourly,2026-06-12,2561
dpr_hourly,2026-06-13,2747
dpr_hourly,2026-06-14,2275
dpr_hourly,2026-06-15,1772
dpr_hourly,2026-06-16,1780
dpr_hourly,2026-06-17,557
dpr_hourly,2026-06-18,2259
dpr_hourly,2026-06-19,2719
dpr_hourly,2026-06-20,2381
dpr_hourly,2026-06-21,1830
dpr_hourly,2026-06-22,2396
dpr_hourly,2026-06-23,2659
dpr_hourly,2026-06-24,2937
dpr_hourly,2026-06-25,2990
dpr_hourly,2026-06-26,3077
dpr_hourly,2026-06-27,3069
dpr_hourly,2026-06-28,2637
dpr_hourly,2026-06-29,3063
dpr_hourly,2026-06-30,3090
dpr_hourly,2026-07-01,2977
dpr_hourly,2026-07-02,3102
dpr_hourly,2026-07-03,3066
dpr_hourly,2026-07-04,3098
dpr_hourly,2026-07-05,2818
dpr_hourly,2026-07-06,2896
dpr_hourly,2026-07-07,3040
dpr_hourly,2026-07-08,1872
std_actual,2025-11-24,47
std_actual,2026-06-07,1075
std_actual,2025-02-16,1
std_actual,2025-03-31,2
std_actual,2025-05-22,5
std_actual,2025-12-01,47
std_actual,2025-10-31,39
std_actual,2026-02-03,104
std_actual,2024-11-02,1
std_actual,2025-06-15,6
std_actual,2026-02-07,109
std_actual,2024-12-07,1
std_actual,2025-05-02,2
std_actual,2025-11-21,47
std_actual,2025-08-06,15
std_actual,2025-04-27,2
std_actual,2026-03-12,160
std_actual,2025-12-23,54
std_actual,2024-09-29,1
std_actual,2025-03-05,1
std_actual,2024-12-26,1
std_actual,2024-11-15,1
std_actual,2025-09-22,24
std_actual,2026-03-10,159
std_actual,2024-11-12,1
std_actual,2025-06-10,6
std_actual,2024-11-21,1
std_actual,2025-01-18,1
std_actual,2026-06-19,1216
std_actual,2025-12-16,54
std_actual,2026-06-09,1150
std_actual,2024-12-14,1
std_actual,2025-02-26,1
std_actual,2025-01-23,1
std_actual,2025-06-16,6
std_actual,2025-05-20,4
std_actual,2025-12-24,56
std_actual,2025-05-06,2
std_actual,2025-05-27,6
std_actual,2026-04-10,245
std_actual,2025-05-05,2
std_actual,2026-04-13,252
std_actual,2025-08-12,15
std_actual,2024-11-22,1
std_actual,2024-08-22,1
std_actual,2025-11-12,42
std_actual,2025-09-02,22
std_actual,2024-08-17,1
std_actual,2025-12-07,49
std_actual,2024-08-30,1
std_actual,2025-11-05,39
std_actual,2026-04-26,303
std_actual,2025-05-18,4
std_actual,2026-06-21,1141
std_actual,2025-05-10,2
std_actual,2026-01-30,102
std_actual,2025-06-21,6
std_actual,2026-02-08,112
std_actual,2025-09-17,24
std_actual,2025-09-29,25
std_actual,2025-07-07,9
std_actual,2025-08-16,17
std_actual,2025-10-25,36
std_actual,2025-03-01,1
std_actual,2025-01-26,1
std_actual,2025-10-24,36
std_actual,2025-02-24,1
std_actual,2025-06-28,7
std_actual,2025-07-29,15
std_actual,2025-07-20,14
std_actual,2025-07-09,10
std_actual,2025-10-18,33
std_actual,2025-04-17,2
std_actual,2025-06-24,6
std_actual,2025-01-20,1
std_actual,2026-04-03,217
std_actual,2025-02-17,1
std_actual,2026-01-31,104
std_actual,2025-12-06,49
std_actual,2025-12-25,57
std_actual,2026-06-16,1218
std_actual,2026-03-27,196
std_actual,2025-06-27,7
std_actual,2024-11-19,1
std_actual,2026-04-17,261
std_actual,2025-07-28,15
std_actual,2025-07-23,14
std_actual,2025-10-10,27
std_actual,2025-05-30,6
std_actual,2025-01-15,1
std_actual,2024-12-12,1
std_actual,2026-06-13,1139
std_actual,2025-02-04,1
std_actual,2025-08-26,20
std_actual,2026-04-04,220
std_actual,2025-08-24,21
std_actual,2025-08-19,18
std_actual,2025-01-30,1
std_actual,2025-12-26,59
std_actual,2025-12-18,54
std_actual,2024-12-03,1
std_actual,2025-10-13,29
std_actual,2024-11-10,1
std_actual,2026-06-24,1048
std_actual,2026-03-05,152
std_actual,2026-04-01,208
std_actual,2025-07-01,7
std_actual,2025-06-03,6
std_actual,2025-08-28,21
std_actual,2026-01-07,72
std_actual,2026-04-16,259
std_actual,2025-02-14,1
std_actual,2026-03-25,191
std_actual,2025-02-25,1
std_actual,2024-10-06,1
std_actual,2025-03-17,1
std_actual,2025-04-15,2
std_actual,2025-10-17,31
std_actual,2025-03-16,1
std_actual,2026-05-03,342
std_actual,2026-07-05,405
std_actual,2024-12-13,1
std_actual,2024-08-14,1
std_actual,2025-01-24,1
std_actual,2025-01-07,1
std_actual,2026-06-22,1130
std_actual,2024-11-06,1
std_actual,2026-03-11,160
std_actual,2026-05-12,387
std_actual,2025-02-23,1
std_actual,2026-07-02,599
std_actual,2025-02-05,1
std_actual,2026-01-16,85
std_actual,2026-03-14,164
std_actual,2026-03-24,189
std_actual,2026-04-29,317
std_actual,2024-08-28,1
std_actual,2025-01-22,1
std_actual,2025-10-19,33
std_actual,2026-04-12,250
std_actual,2026-07-04,480
std_actual,2025-06-02,6
std_actual,2025-06-23,6
std_actual,2024-11-27,1
std_actual,2025-03-21,1
std_actual,2025-09-03,21
std_actual,2026-06-11,1156
std_actual,2024-08-16,1
std_actual,2024-12-09,1
std_actual,2025-12-08,50
std_actual,2026-02-01,104
std_actual,2025-06-30,7
std_actual,2025-07-15,11
std_actual,2025-01-12,1
std_actual,2024-10-11,1
std_actual,2024-11-24,1
std_actual,2025-12-27,60
std_actual,2025-01-21,1
std_actual,2025-04-07,2
std_actual,2026-06-03,853
std_actual,2024-08-23,1
std_actual,2024-11-09,1
std_actual,2025-09-06,21
std_actual,2025-12-17,53
std_actual,2025-10-14,31
std_actual,2025-10-11,28
std_actual,2026-01-12,78
std_actual,2026-06-04,949
std_actual,2024-10-15,1
std_actual,2026-03-26,191
std_actual,2024-09-04,1
std_actual,2025-05-07,2
std_actual,2025-05-08,2
std_actual,2025-04-03,2
std_actual,2024-11-29,1
std_actual,2025-09-01,22
std_actual,2024-09-16,1
std_actual,2025-10-12,28
std_actual,2025-10-16,30
std_actual,2025-08-04,16
std_actual,2026-07-08,258
std_actual,2024-08-09,1
std_actual,2024-09-08,1
std_actual,2025-04-30,2
std_actual,2025-11-04,38
std_actual,2025-11-10,41
std_actual,2025-10-21,34
std_actual,2025-03-02,1
std_actual,2026-01-03,67
std_actual,2026-06-10,1153
std_actual,2024-09-24,1
std_actual,2024-08-24,1
std_actual,2026-03-03,151
std_actual,2026-05-11,380
std_actual,2025-11-20,44
std_actual,2025-06-17,6
std_actual,2025-11-16,43
std_actual,2026-04-18,267
std_actual,2025-08-29,21
std_actual,2025-06-29,7
std_actual,2025-09-30,25
std_actual,2026-01-19,88
std_actual,2025-08-20,19
std_actual,2024-08-31,1
std_actual,2025-12-13,54
std_actual,2025-02-10,1
std_actual,2025-12-19,54
std_actual,2024-09-22,1
std_actual,2025-12-31,67
std_actual,2025-05-11,3
std_actual,2025-01-25,1
std_actual,2025-02-13,1
std_actual,2026-05-20,456
std_actual,2025-03-22,1
std_actual,2024-12-15,1
std_actual,2026-06-12,1133
std_actual,2024-12-27,1
std_actual,2026-02-04,108
std_actual,2024-10-20,1
std_actual,2025-07-04,8
std_actual,2025-04-26,2
std_actual,2026-05-07,350
std_actual,2025-04-22,2
std_actual,2026-05-31,888
std_actual,2025-08-30,20
std_actual,2025-07-10,10
std_actual,2025-05-04,2
std_actual,2025-06-11,6
std_actual,2024-11-16,1
std_actual,2026-02-12,117
std_actual,2025-12-28,61
std_actual,2024-11-01,1
std_actual,2025-11-25,46
std_actual,2026-06-14,1103
std_actual,2025-11-03,37
std_actual,2026-05-28,832
std_actual,2024-08-29,1
std_actual,2025-11-07,38
std_actual,2024-10-27,1
std_actual,2026-02-05,109
std_actual,2026-02-27,142
std_actual,2025-01-28,1
std_actual,2025-08-21,21
std_actual,2025-04-09,2
std_actual,2025-06-05,6
std_actual,2026-04-19,271
std_actual,2025-02-02,1
std_actual,2025-02-08,1
std_actual,2025-08-15,16
std_actual,2026-03-31,206
std_actual,2025-04-13,2
std_actual,2025-03-20,1
std_actual,2026-02-17,124
std_actual,2025-02-22,1
std_actual,2025-01-16,1
std_actual,2025-02-21,1
std_actual,2025-11-18,44
std_actual,2026-04-23,286
std_actual,2024-12-30,1
std_actual,2025-02-06,1
std_actual,2026-01-08,73
std_actual,2024-11-03,1
std_actual,2025-09-20,25
std_actual,2024-10-13,1
std_actual,2025-04-05,2
std_actual,2026-01-05,70
std_actual,2024-08-11,1
std_actual,2025-01-31,1
std_actual,2025-10-09,26
std_actual,2026-01-20,89
std_actual,2025-11-23,47
std_actual,2025-08-03,16
std_actual,2025-11-28,47
std_actual,2024-10-10,1
std_actual,2026-03-28,200
std_actual,2025-07-18,14
std_actual,2025-03-10,2
std_actual,2026-04-05,224
std_actual,2026-05-21,594
std_actual,2024-09-30,1
std_actual,2025-05-24,5
std_actual,2026-02-23,133
std_actual,2026-06-06,1024
std_actual,2024-10-14,1
std_actual,2024-10-08,1
std_actual,2024-12-19,1
std_actual,2025-06-25,7
std_actual,2024-09-12,1
std_actual,2025-11-22,47
std_actual,2025-07-16,13
std_actual,2025-09-08,22
std_actual,2025-08-08,16
std_actual,2025-10-29,37
std_actual,2024-12-11,1
std_actual,2026-05-16,411
std_actual,2024-09-09,1
std_actual,2025-10-01,25
std_actual,2026-05-19,435
std_actual,2025-05-31,6
std_actual,2026-01-01,68
std_actual,2024-10-12,1
std_actual,2026-03-04,152
std_actual,2026-01-24,92
std_actual,2024-09-01,1
std_actual,2026-03-22,186
std_actual,2024-11-04,1
std_actual,2025-10-27,36
std_actual,2026-03-17,171
std_actual,2026-06-23,1072
std_actual,2025-01-05,1
std_actual,2025-10-20,35
std_actual,2026-01-06,71
std_actual,2024-10-01,1
std_actual,2026-05-10,374
std_actual,2024-12-28,1
std_actual,2025-06-19,6
std_actual,2026-06-18,1220
std_actual,2025-09-24,24
std_actual,2025-06-01,6
std_actual,2026-05-24,643
std_actual,2024-12-05,1
std_actual,2025-03-18,1
std_actual,2025-09-27,25
std_actual,2026-07-03,541
std_actual,2024-09-19,1
std_actual,2024-09-25,1
std_actual,2024-10-05,1
std_actual,2025-10-07,26
std_actual,2026-02-09,114
std_actual,2025-07-11,10
std_actual,2026-06-02,746
std_actual,2026-06-26,939
std_actual,2025-09-07,22
std_actual,2025-10-30,39
std_actual,2025-04-06,2
std_actual,2026-06-01,780
std_actual,2025-12-10,50
std_actual,2026-02-14,120
std_actual,2026-05-27,722
std_actual,2025-03-08,1
std_actual,2026-04-25,298
std_actual,2025-09-11,21
std_actual,2025-11-01,38
std_actual,2025-11-14,41
std_actual,2025-12-12,53
std_actual,2024-08-21,1
std_actual,2025-03-09,2
std_actual,2025-03-03,1
std_actual,2025-02-19,1
std_actual,2024-09-10,1
std_actual,2026-06-15,1148
std_actual,2025-09-12,21
std_actual,2026-04-11,247
std_actual,2024-11-07,1
std_actual,2025-06-22,6
std_actual,2026-04-08,230
std_actual,2024-12-29,1
std_actual,2026-01-29,99
std_actual,2025-10-22,34
std_actual,2025-08-05,15
std_actual,2025-04-20,2
std_actual,2026-02-10,114
std_actual,2025-07-22,14
std_actual,2024-12-17,1
std_actual,2025-12-22,55
std_actual,2026-04-21,274
std_actual,2026-05-05,347
std_actual,2025-10-06,26
std_actual,2026-03-19,179
std_actual,2026-04-14,254
std_actual,2026-01-10,74
std_actual,2026-04-30,323
std_actual,2025-09-16,24
std_actual,2025-08-23,21
std_actual,2026-03-21,184
std_actual,2025-12-29,64
std_actual,2024-09-18,1
std_actual,2025-12-30,64
std_actual,2025-03-14,1
std_actual,2025-04-14,2
std_actual,2026-03-18,177
std_actual,2025-01-17,1
std_actual,2025-11-06,38
std_actual,2025-12-11,50
std_actual,2025-06-07,6
std_actual,2026-03-15,169
std_actual,2024-11-08,1
std_actual,2024-09-20,1
std_actual,2025-10-28,35
std_actual,2026-06-25,1014
std_actual,2025-04-24,2
std_actual,2026-04-28,314
std_actual,2026-02-06,109
std_actual,2025-10-02,25
std_actual,2025-03-24,1
std_actual,2024-12-21,1
std_actual,2025-01-14,1
std_actual,2025-08-09,15
std_actual,2025-11-11,40
std_actual,2025-03-04,1
std_actual,2024-10-02,1
std_actual,2025-01-08,1
std_actual,2025-05-26,6
std_actual,2025-01-02,1
std_actual,2025-11-09,40
std_actual,2026-06-30,720
std_actual,2026-01-17,87
std_actual,2026-01-22,92
std_actual,2025-11-08,38
std_actual,2026-05-01,333
std_actual,2025-10-26,37
std_actual,2025-11-30,46
std_actual,2024-09-21,1
std_actual,2025-08-27,20
std_actual,2024-08-25,1
std_actual,2024-12-04,1
std_actual,2025-02-28,1
std_actual,2026-01-11,77
std_actual,2024-09-27,1
std_actual,2024-12-24,1
std_actual,2026-02-16,122
std_actual,2024-12-16,1
std_actual,2026-07-07,300
std_actual,2026-06-08,1123
std_actual,2025-05-01,2
std_actual,2025-12-03,47
std_actual,2025-02-15,1
std_actual,2024-11-05,1
std_actual,2025-07-12,11
std_actual,2025-02-11,1
std_actual,2024-08-13,1
std_actual,2024-10-19,1
std_actual,2026-04-20,275
std_actual,2025-09-10,20
std_actual,2026-01-21,92
std_actual,2024-11-14,1
std_actual,2025-11-02,38
std_actual,2026-05-25,623
std_actual,2025-05-03,2
std_actual,2025-07-25,14
std_actual,2025-09-09,21
std_actual,2026-06-29,775
std_actual,2024-09-03,1
std_actual,2026-03-16,170
std_actual,2025-07-26,14
std_actual,2025-07-17,13
std_actual,2026-03-01,146
std_actual,2025-01-10,1
std_actual,2025-10-03,25
std_actual,2024-10-04,1
std_actual,2024-09-02,1
std_actual,2025-03-07,1
std_actual,2024-11-17,1
std_actual,2026-01-28,99
std_actual,2024-10-24,1
std_actual,2025-12-21,55
std_actual,2025-04-25,2
std_actual,2024-12-02,1
std_actual,2025-08-22,21
std_actual,2025-05-29,6
std_actual,2025-07-06,9
std_actual,2024-10-28,1
std_actual,2025-02-09,1
std_actual,2026-02-13,119
std_actual,2024-09-26,1
std_actual,2024-12-01,1
std_actual,2026-01-02,67
std_actual,2025-05-09,2
std_actual,2024-11-23,1
std_actual,2026-03-29,202
std_actual,2024-10-03,1
std_actual,2025-03-12,1
std_actual,2025-08-18,19
std_actual,2024-09-28,1
std_actual,2026-02-26,141
std_actual,2025-03-28,1
std_actual,2025-01-11,1
std_actual,2025-12-09,50
std_actual,2026-02-22,133
std_actual,2026-02-15,120
std_actual,2024-12-10,1
std_actual,2026-04-09,234
std_actual,2026-01-04,68
std_actual,2024-10-16,1
std_actual,2025-03-06,1
std_actual,2025-03-15,1
std_actual,2025-01-19,1
std_actual,2024-11-13,1
std_actual,2025-06-08,6
std_actual,2025-10-05,27
std_actual,2026-03-23,189
std_actual,2024-12-22,1
std_actual,2023-07-01,1
std_actual,2025-01-03,1
std_actual,2026-03-13,160
std_actual,2025-05-21,4
std_actual,2025-11-19,44
std_actual,2025-06-18,6
std_actual,2026-02-24,136
std_actual,2026-01-26,94
std_actual,2024-10-30,1
std_actual,2026-03-02,151
std_actual,2026-05-08,363
std_actual,2025-05-25,6
std_actual,2026-05-09,366
std_actual,2025-04-12,2
std_actual,2025-01-13,1
std_actual,2025-11-15,43
std_actual,2025-05-19,4
std_actual,2025-07-13,11
std_actual,2024-11-11,1
std_actual,2025-01-04,1
std_actual,2025-03-11,1
std_actual,2025-08-14,16
std_actual,2026-04-22,280
std_actual,2025-03-13,1
std_actual,2025-02-27,1
std_actual,2025-05-15,3
std_actual,2024-10-31,1
std_actual,2025-03-19,1
std_actual,2024-08-15,1
std_actual,2025-09-18,23
std_actual,2025-10-15,31
std_actual,2024-10-25,1
std_actual,2026-05-18,425
std_actual,2026-02-20,131
std_actual,2026-04-06,225
std_actual,2024-12-08,1
std_actual,2025-07-21,14
std_actual,2026-06-20,1195
std_actual,2025-02-20,1
std_actual,2026-03-06,153
std_actual,2026-04-27,308
std_actual,2025-01-09,1
std_actual,2025-08-01,15
std_actual,2025-06-09,6
std_actual,2024-12-25,1
std_actual,2025-08-17,18
std_actual,2024-10-21,1
std_actual,2025-09-19,23
std_actual,2025-09-04,22
std_actual,2025-05-16,3
std_actual,2026-02-25,137
std_actual,2024-08-10,1
std_actual,2025-02-03,1
std_actual,2026-05-26,592
std_actual,2024-08-27,1
std_actual,2025-04-29,2
std_actual,2025-12-15,54
std_actual,2026-02-28,146
std_actual,2026-05-06,348
std_actual,2024-08-20,1
std_actual,2025-04-04,2
std_actual,2025-03-27,1
std_actual,2025-09-26,25
std_actual,2024-09-17,1
std_actual,2025-05-17,3
std_actual,2025-07-03,8
std_actual,2026-05-22,606
std_actual,2024-09-11,1
std_actual,2025-06-26,7
std_actual,2025-07-08,10
std_actual,2026-06-05,1007
std_actual,2024-08-18,1
std_actual,2025-04-16,2
std_actual,2025-09-28,25
std_actual,2026-04-02,214
std_actual,2024-09-23,1
std_actual,2025-09-25,25
std_actual,2024-09-06,1
std_actual,2025-02-12,1
std_actual,2024-11-25,1
std_actual,2024-12-31,1
std_actual,2025-02-07,1
std_actual,2025-06-04,6
std_actual,2026-04-07,226
std_actual,2026-05-17,414
std_actual,2025-11-13,42
std_actual,2024-08-26,1
std_actual,2025-07-27,15
std_actual,2026-07-01,651
std_actual,2024-10-17,1
std_actual,2026-07-06,367
std_actual,2026-06-17,1212
std_actual,2024-12-06,1
std_actual,2025-11-26,46
std_actual,2024-08-12,1
std_actual,2024-12-18,1
std_actual,2025-05-28,6
std_actual,2024-08-19,1
std_actual,2026-05-29,780
std_actual,2025-02-01,1
std_actual,2025-04-02,2
std_actual,2024-11-30,1
std_actual,2024-09-14,1
std_actual,2026-05-14,395
std_actual,2024-12-20,1
std_actual,2025-05-13,3
std_actual,2026-03-20,180
std_actual,2026-04-15,259
std_actual,2025-07-24,14
std_actual,2025-06-12,6
std_actual,2026-05-15,401
std_actual,2025-08-02,15
std_actual,2025-12-20,53
std_actual,2025-07-05,9
std_actual,2026-02-18,126
std_actual,2025-04-10,2
std_actual,2026-03-09,156
std_actual,2024-08-08,1
std_actual,2025-04-19,2
std_actual,2025-09-15,23
std_actual,2026-01-14,81
std_actual,2025-08-13,15
std_actual,2025-09-13,21
std_actual,2025-01-01,1
std_actual,2024-10-18,1
std_actual,2025-04-23,2
std_actual,2025-10-08,26
std_actual,2024-11-18,1
std_actual,2025-04-11,2
std_actual,2025-10-04,26
std_actual,2025-12-05,48
std_actual,2025-12-02,48
std_actual,2025-12-14,53
std_actual,2025-10-23,36
std_actual,2024-11-20,1
std_actual,2025-04-08,2
std_actual,2026-01-15,82
std_actual,2024-09-07,1
std_actual,2025-09-05,22
std_actual,2025-11-29,47
std_actual,2026-06-27,876
std_actual,2024-10-29,1
std_actual,2025-08-11,16
std_actual,2025-04-28,2
std_actual,2026-02-02,104
std_actual,2025-03-29,2
std_actual,2026-01-23,92
std_actual,2025-04-01,2
std_actual,2024-10-23,1
std_actual,2025-07-14,11
std_actual,2025-03-26,1
std_actual,2026-01-18,88
std_actual,2025-07-19,14
std_actual,2026-02-11,116
std_actual,2025-05-14,3
std_actual,2025-05-23,5
std_actual,2025-08-10,16
std_actual,2026-03-07,155
std_actual,2026-02-21,132
std_actual,2025-06-13,6
std_actual,2025-03-25,1
std_actual,2025-06-06,6
std_actual,2025-07-30,15
std_actual,2024-09-15,1
std_actual,2026-03-30,202
std_actual,2026-06-28,802
std_actual,2026-01-09,74
std_actual,2025-07-02,8
std_actual,2025-08-25,20
std_actual,2025-09-14,21
std_actual,2024-09-13,1
std_actual,2025-05-12,3
std_actual,2024-10-09,1
std_actual,2025-11-27,46
std_actual,2024-11-26,1
std_actual,2026-03-08,156
std_actual,2026-01-25,93
std_actual,2026-05-04,345
std_actual,2024-12-23,1
std_actual,2026-01-27,97
std_actual,2026-05-30,778
std_actual,2025-03-23,1
std_actual,2025-08-31,20
std_actual,2024-10-26,1
std_actual,2025-11-17,44
std_actual,2025-09-23,24
std_actual,2025-08-07,16
std_actual,2025-12-04,47
std_actual,2026-05-13,389
std_actual,2025-06-14,6
std_actual,2025-01-27,1
std_actual,2024-09-05,1
std_actual,2026-02-19,128
std_actual,2025-01-06,1
std_actual,2025-03-30,2
std_actual,2026-05-23,607
std_actual,2024-10-07,1
std_actual,2025-04-18,2
std_actual,2023-07-02,1
std_actual,2026-04-24,291
std_actual,2025-01-29,1
std_actual,2025-06-20,6
std_actual,2025-04-21,2
std_actual,2024-10-22,1
std_actual,2024-11-28,1
std_actual,2025-02-18,1
std_actual,2025-07-31,15
std_actual,2026-05-02,336
std_actual,2026-01-13,80
std_actual,2025-09-21,25
shift_teams,2025-11-24,18
shift_teams,2026-06-07,22
shift_teams,2025-02-16,2
shift_teams,2025-03-31,5
shift_teams,2024-07-01,1
shift_teams,2025-05-22,8
shift_teams,2025-10-31,17
shift_teams,2025-12-01,19
shift_teams,2024-08-02,1
shift_teams,2026-02-03,22
shift_teams,2024-11-02,1
shift_teams,2025-06-15,13
shift_teams,2026-02-07,22
shift_teams,2024-12-07,2
shift_teams,2025-05-02,8
shift_teams,2025-11-21,18
shift_teams,2025-08-06,14
shift_teams,2024-06-21,1
shift_teams,2025-04-27,8
shift_teams,2026-03-12,22
shift_teams,2025-12-23,22
shift_teams,2024-09-29,1
shift_teams,2025-03-05,3
shift_teams,2024-12-26,2
shift_teams,2024-11-15,1
shift_teams,2025-09-22,15
shift_teams,2026-03-10,22
shift_teams,2024-11-12,1
shift_teams,2025-06-10,10
shift_teams,2024-11-21,1
shift_teams,2025-01-18,2
shift_teams,2026-06-19,22
shift_teams,2024-07-27,1
shift_teams,2026-06-09,22
shift_teams,2025-12-16,22
shift_teams,2024-12-14,2
shift_teams,2025-02-26,2
shift_teams,2025-01-23,2
shift_teams,2025-06-16,13
shift_teams,2025-05-20,8
shift_teams,2025-12-24,22
shift_teams,2025-05-06,8
shift_teams,2025-05-27,9
shift_teams,2026-04-10,22
shift_teams,2025-05-05,8
shift_teams,2026-04-13,21
shift_teams,2025-08-12,14
shift_teams,2024-11-22,1
shift_teams,2024-08-22,1
shift_teams,2025-11-12,17
shift_teams,2025-09-02,15
shift_teams,2024-08-17,1
shift_teams,2025-12-07,20
shift_teams,2024-08-30,1
shift_teams,2026-04-26,22
shift_teams,2025-11-05,17
shift_teams,2025-05-18,8
shift_teams,2024-07-20,1
shift_teams,2026-06-21,22
shift_teams,2025-05-10,8
shift_teams,2026-01-30,20
shift_teams,2026-02-08,22
shift_teams,2025-06-21,13
shift_teams,2025-09-17,15
shift_teams,2025-09-29,15
shift_teams,2025-07-07,14
shift_teams,2025-08-16,14
shift_teams,2025-10-25,17
shift_teams,2025-03-01,2
shift_teams,2025-01-26,2
shift_teams,2025-10-24,17
shift_teams,2024-06-24,1
shift_teams,2025-02-24,2
shift_teams,2025-06-28,13
shift_teams,2025-07-29,14
shift_teams,2025-07-20,14
shift_teams,2024-07-06,1
shift_teams,2025-07-09,14
shift_teams,2025-10-18,17
shift_teams,2024-07-18,1
shift_teams,2025-04-17,8
shift_teams,2025-06-24,13
shift_teams,2025-01-20,2
shift_teams,2026-04-03,22
shift_teams,2025-02-17,2
shift_teams,2026-01-31,22
shift_teams,2026-06-16,18
shift_teams,2025-12-06,20
shift_teams,2025-12-25,22
shift_teams,2026-03-27,22
shift_teams,2025-06-27,13
shift_teams,2024-11-19,1
shift_teams,2026-04-17,22
shift_teams,2025-07-23,14
shift_teams,2025-07-28,14
shift_teams,2025-10-10,15
shift_teams,2025-05-30,9
shift_teams,2024-06-10,1
shift_teams,2024-12-12,2
shift_teams,2025-01-15,2
shift_teams,2024-06-13,1
shift_teams,2026-06-13,22
shift_teams,2025-02-04,2
shift_teams,2026-04-04,22
shift_teams,2025-08-26,15
shift_teams,2025-08-24,14
shift_teams,2025-08-19,14
shift_teams,2025-01-30,2
shift_teams,2025-12-26,22
shift_teams,2025-12-18,22
shift_teams,2024-07-31,1
shift_teams,2024-12-03,2
shift_teams,2025-10-13,16
shift_teams,2024-11-10,1
shift_teams,2026-06-24,21
shift_teams,2024-06-12,1
shift_teams,2026-03-05,22
shift_teams,2026-04-01,22
shift_teams,2025-07-01,13
shift_teams,2025-06-03,10
shift_teams,2025-08-28,15
shift_teams,2026-01-07,22
shift_teams,2026-04-16,22
shift_teams,2025-02-14,2
shift_teams,2024-06-28,1
shift_teams,2026-03-25,22
shift_teams,2025-02-25,2
shift_teams,2024-10-06,1
shift_teams,2025-03-17,3
shift_teams,2025-04-15,7
shift_teams,2025-10-17,17
shift_teams,2025-03-16,3
shift_teams,2026-05-03,21
shift_teams,2026-07-05,22
shift_teams,2024-12-13,2
shift_teams,2024-08-14,1
shift_teams,2025-01-24,2
shift_teams,2025-01-07,2
shift_teams,2026-06-22,20
shift_teams,2024-11-06,1
shift_teams,2026-03-11,22
shift_teams,2026-05-12,22
shift_teams,2025-02-23,2
shift_teams,2026-07-02,21
shift_teams,2025-02-05,2
shift_teams,2026-01-16,22
shift_teams,2026-04-29,22
shift_teams,2026-03-14,22
shift_teams,2026-03-24,22
shift_teams,2024-08-28,1
shift_teams,2025-01-22,2
shift_teams,2025-10-19,17
shift_teams,2026-04-12,22
shift_teams,2026-07-04,19
shift_teams,2025-06-02,10
shift_teams,2025-06-23,13
shift_teams,2024-11-27,1
shift_teams,2025-03-21,5
shift_teams,2025-09-03,15
shift_teams,2026-06-11,22
shift_teams,2024-08-16,1
shift_teams,2024-12-09,2
shift_teams,2025-12-08,20
shift_teams,2026-02-01,22
shift_teams,2025-06-30,13
shift_teams,2025-07-15,14
shift_teams,2025-01-12,2
shift_teams,2024-10-11,1
shift_teams,2024-11-24,1
shift_teams,2025-12-27,22
shift_teams,2025-04-07,7
shift_teams,2026-06-03,22
shift_teams,2025-01-21,2
shift_teams,2024-11-09,1
shift_teams,2024-08-23,1
shift_teams,2025-10-14,16
shift_teams,2025-09-06,15
shift_teams,2025-12-17,22
shift_teams,2025-10-11,15
shift_teams,2026-01-12,22
shift_teams,2026-06-04,19
shift_teams,2024-10-15,1
shift_teams,2026-03-26,22
shift_teams,2024-07-11,1
shift_teams,2024-09-04,1
shift_teams,2025-05-07,8
shift_teams,2025-05-08,8
shift_teams,2025-04-03,5
shift_teams,2024-11-29,2
shift_teams,2025-09-01,15
shift_teams,2024-09-16,1
shift_teams,2025-10-12,15
shift_teams,2025-10-16,17
shift_teams,2025-08-04,14
shift_teams,2026-07-08,21
shift_teams,2024-08-09,1
shift_teams,2024-09-08,1
shift_teams,2025-04-30,8
shift_teams,2025-11-04,17
shift_teams,2025-11-10,17
shift_teams,2025-10-21,17
shift_teams,2026-01-03,22
shift_teams,2026-06-10,22
shift_teams,2025-03-02,3
shift_teams,2024-07-19,1
shift_teams,2024-09-24,1
shift_teams,2024-08-24,1
shift_teams,2026-03-03,22
shift_teams,2025-11-20,18
shift_teams,2026-05-11,20
shift_teams,2025-06-17,13
shift_teams,2025-11-16,17
shift_teams,2026-04-18,22
shift_teams,2024-07-21,1
shift_teams,2025-08-29,15
shift_teams,2025-06-29,13
shift_teams,2025-09-30,15
shift_teams,2024-07-17,1
shift_teams,2025-08-20,14
shift_teams,2026-01-19,22
shift_teams,2024-08-31,1
shift_teams,2025-12-13,22
shift_teams,2025-02-10,2
shift_teams,2025-12-19,22
shift_teams,2024-09-22,1
shift_teams,2025-12-31,22
shift_teams,2025-05-11,8
shift_teams,2025-01-25,2
shift_teams,2025-02-13,2
shift_teams,2026-05-20,22
shift_teams,2024-08-03,1
shift_teams,2024-12-15,2
shift_teams,2025-03-22,5
shift_teams,2026-06-12,20
shift_teams,2024-12-27,2
shift_teams,2026-02-04,22
shift_teams,2024-10-20,1
shift_teams,2025-07-04,13
shift_teams,2025-04-26,8
shift_teams,2026-05-07,22
shift_teams,2025-04-22,8
shift_teams,2026-05-31,22
shift_teams,2025-08-30,15
shift_teams,2025-07-10,14
shift_teams,2025-05-04,8
shift_teams,2025-06-11,10
shift_teams,2024-11-16,1
shift_teams,2026-02-12,22
shift_teams,2025-12-28,22
shift_teams,2024-11-01,1
shift_teams,2025-11-25,18
shift_teams,2026-06-14,22
shift_teams,2025-11-03,17
shift_teams,2026-05-28,22
shift_teams,2024-08-29,1
shift_teams,2025-11-07,17
shift_teams,2024-10-27,1
shift_teams,2026-02-05,22
shift_teams,2026-02-27,22
shift_teams,2024-07-07,1
shift_teams,2025-01-28,2
shift_teams,2025-08-21,14
shift_teams,2025-04-09,7
shift_teams,2025-06-05,10
shift_teams,2026-04-19,22
shift_teams,2025-02-02,2
shift_teams,2024-06-11,1
shift_teams,2025-02-08,2
shift_teams,2026-03-31,22
shift_teams,2025-08-15,14
shift_teams,2025-04-13,7
shift_teams,2025-03-20,3
shift_teams,2026-02-17,22
shift_teams,2025-01-16,2
shift_teams,2025-02-22,2
shift_teams,2025-02-21,2
shift_teams,2025-11-18,17
shift_teams,2026-04-23,21
shift_teams,2024-07-26,1
shift_teams,2024-12-30,2
shift_teams,2025-02-06,2
shift_teams,2026-01-08,22
shift_teams,2024-11-03,1
shift_teams,2025-09-20,15
shift_teams,2024-08-05,1
shift_teams,2024-10-13,1
shift_teams,2025-04-05,7
shift_teams,2026-01-05,22
shift_teams,2024-08-06,1
shift_teams,2024-08-11,1
shift_teams,2025-01-31,2
shift_teams,2026-01-20,22
shift_teams,2025-10-09,15
shift_teams,2025-11-23,18
shift_teams,2024-07-25,1
shift_teams,2025-08-03,14
shift_teams,2025-11-28,18
shift_teams,2024-10-10,1
shift_teams,2024-07-02,1
shift_teams,2024-06-27,1
shift_teams,2026-03-28,22
shift_teams,2025-03-10,3
shift_teams,2025-07-18,14
shift_teams,2024-06-09,1
shift_teams,2026-04-05,22
shift_teams,2026-05-21,22
shift_teams,2024-07-10,1
shift_teams,2024-09-30,1
shift_teams,2025-05-24,8
shift_teams,2026-02-23,22
shift_teams,2026-06-06,22
shift_teams,2024-10-14,1
shift_teams,2024-10-08,1
shift_teams,2024-12-19,2
shift_teams,2025-06-25,13
shift_teams,2024-08-01,1
shift_teams,2024-09-12,1
shift_teams,2025-11-22,18
shift_teams,2024-07-22,1
shift_teams,2025-07-16,14
shift_teams,2025-09-08,15
shift_teams,2025-08-08,14
shift_teams,2025-10-29,17
shift_teams,2024-12-11,2
shift_teams,2026-05-16,22
shift_teams,2024-09-09,1
shift_teams,2025-10-01,15
shift_teams,2024-07-13,1
shift_teams,2026-05-19,21
shift_teams,2025-05-31,9
shift_teams,2026-01-01,22
shift_teams,2024-10-12,1
shift_teams,2026-03-04,22
shift_teams,2026-01-24,22
shift_teams,2024-09-01,1
shift_teams,2024-06-22,1
shift_teams,2026-03-22,22
shift_teams,2024-11-04,1
shift_teams,2025-10-27,17
shift_teams,2026-03-17,22
shift_teams,2026-06-23,22
shift_teams,2025-01-05,2
shift_teams,2024-07-08,1
shift_teams,2025-10-20,17
shift_teams,2026-01-06,22
shift_teams,2024-10-01,1
shift_teams,2026-05-10,22
shift_teams,2024-12-28,2
shift_teams,2025-06-19,13
shift_teams,2026-06-18,21
shift_teams,2025-09-24,15
shift_teams,2025-06-01,10
shift_teams,2026-05-24,22
shift_teams,2024-12-05,2
shift_teams,2025-09-27,15
shift_teams,2025-03-18,3
shift_teams,2026-07-03,22
shift_teams,2024-09-19,1
shift_teams,2024-09-25,1
shift_teams,2024-06-08,1
shift_teams,2024-10-05,1
shift_teams,2026-02-09,22
shift_teams,2025-10-07,15
shift_teams,2025-07-11,14
shift_teams,2024-07-03,1
shift_teams,2026-06-02,20
shift_teams,2024-06-25,1
shift_teams,2026-06-26,20
shift_teams,2025-09-07,15
shift_teams,2025-10-30,17
shift_teams,2025-04-06,7
shift_teams,2026-06-01,22
shift_teams,2025-12-10,22
shift_teams,2024-06-26,1
shift_teams,2026-05-27,22
shift_teams,2026-02-14,22
shift_teams,2025-03-08,3
shift_teams,2026-04-25,22
shift_teams,2024-06-29,1
shift_teams,2025-11-01,17
shift_teams,2025-09-11,15
shift_teams,2025-11-14,17
shift_teams,2025-12-12,22
shift_teams,2024-08-21,1
shift_teams,2025-03-09,3
shift_teams,2024-07-15,1
shift_teams,2024-07-23,1
shift_teams,2025-03-03,3
shift_teams,2025-02-19,2
shift_teams,2024-09-10,1
shift_teams,2026-06-15,22
shift_teams,2025-09-12,15
shift_teams,2026-04-11,22
shift_teams,2024-06-30,1
shift_teams,2025-06-22,13
shift_teams,2024-11-07,1
shift_teams,2026-04-08,22
shift_teams,2024-12-29,2
shift_teams,2026-01-29,22
shift_teams,2024-06-19,1
shift_teams,2024-07-04,1
shift_teams,2025-10-22,17
shift_teams,2025-04-20,8
shift_teams,2025-08-05,14
shift_teams,2026-02-10,22
shift_teams,2025-07-22,14
shift_teams,2024-12-17,2
shift_teams,2025-12-22,22
shift_teams,2026-04-21,21
shift_teams,2026-05-05,21
shift_teams,2025-10-06,15
shift_teams,2026-03-19,21
shift_teams,2026-04-14,22
shift_teams,2026-01-10,22
shift_teams,2026-04-30,22
shift_teams,2025-08-23,14
shift_teams,2025-09-16,15
shift_teams,2026-03-21,22
shift_teams,2024-07-12,1
shift_teams,2025-12-29,22
shift_teams,2024-09-18,1
shift_teams,2025-12-30,22
shift_teams,2025-04-14,7
shift_teams,2025-03-14,3
shift_teams,2026-03-18,22
shift_teams,2025-01-17,2
shift_teams,2024-06-18,1
shift_teams,2025-11-06,17
shift_teams,2025-12-11,22
shift_teams,2026-03-15,22
shift_teams,2025-06-07,10
shift_teams,2024-11-08,1
shift_teams,2024-09-20,1
shift_teams,2025-10-28,17
shift_teams,2026-06-25,22
shift_teams,2025-04-24,8
shift_teams,2024-07-05,1
shift_teams,2026-04-28,22
shift_teams,2026-02-06,22
shift_teams,2025-10-02,15
shift_teams,2024-12-21,2
shift_teams,2025-03-24,5
shift_teams,2025-01-14,2
shift_teams,2025-08-09,14
shift_teams,2025-11-11,17
shift_teams,2025-03-04,3
shift_teams,2024-10-02,1
shift_teams,2025-01-08,2
shift_teams,2024-07-28,1
shift_teams,2025-05-26,8
shift_teams,2025-01-02,2
shift_teams,2025-11-09,17
shift_teams,2026-06-30,21
shift_teams,2026-01-17,22
shift_teams,2025-11-08,17
shift_teams,2026-01-22,22
shift_teams,2025-10-26,17
shift_teams,2026-05-01,20
shift_teams,2025-11-30,19
shift_teams,2024-09-21,1
shift_teams,2025-08-27,13
shift_teams,2024-08-25,1
shift_teams,2024-12-04,2
shift_teams,2025-02-28,2
shift_teams,2026-01-11,22
shift_teams,2024-09-27,1
shift_teams,2024-12-24,2
shift_teams,2026-02-16,22
shift_teams,2024-12-16,2
shift_teams,2026-07-07,22
shift_teams,2026-06-08,21
shift_teams,2025-05-01,8
shift_teams,2025-12-03,20
shift_teams,2025-02-15,2
shift_teams,2024-11-05,1
shift_teams,2025-07-12,14
shift_teams,2024-08-07,1
shift_teams,2025-02-11,2
shift_teams,2024-08-13,1
shift_teams,2024-10-19,1
shift_teams,2026-04-20,22
shift_teams,2025-09-10,15
shift_teams,2026-01-21,22
shift_teams,2024-11-14,1
shift_teams,2025-11-02,17
shift_teams,2026-05-25,22
shift_teams,2025-05-03,8
shift_teams,2025-09-09,15
shift_teams,2025-07-25,14
shift_teams,2026-06-29,22
shift_teams,2024-09-03,1
shift_teams,2026-03-16,22
shift_teams,2025-07-26,14
shift_teams,2025-07-17,14
shift_teams,2026-03-01,22
shift_teams,2025-01-10,2
shift_teams,2025-10-03,15
shift_teams,2024-10-04,1
shift_teams,2024-09-02,1
shift_teams,2025-03-07,3
shift_teams,2024-11-17,1
shift_teams,2026-01-28,22
shift_teams,2024-10-24,1
shift_teams,2025-12-21,22
shift_teams,2025-04-25,8
shift_teams,2024-12-02,2
shift_teams,2025-08-22,14
shift_teams,2024-07-16,1
shift_teams,2025-05-29,9
shift_teams,2025-07-06,14
shift_teams,2024-10-28,1
shift_teams,2025-02-09,2
shift_teams,2026-02-13,22
shift_teams,2024-09-26,1
shift_teams,2024-12-01,2
shift_teams,2026-01-02,22
shift_teams,2025-05-09,8
shift_teams,2024-11-23,1
shift_teams,2026-03-29,22
shift_teams,2024-10-03,1
shift_teams,2025-08-18,14
shift_teams,2025-03-12,3
shift_teams,2024-09-28,1
shift_teams,2026-02-26,22
shift_teams,2025-03-28,5
shift_teams,2025-01-11,2
shift_teams,2024-06-20,1
shift_teams,2025-12-09,21
shift_teams,2026-02-22,22
shift_teams,2026-02-15,22
shift_teams,2024-12-10,2
shift_teams,2026-04-09,21
shift_teams,2024-06-16,1
shift_teams,2026-01-04,22
shift_teams,2024-10-16,1
shift_teams,2025-03-06,3
shift_teams,2025-03-15,3
shift_teams,2025-01-19,2
shift_teams,2024-11-13,1
shift_teams,2025-06-08,10
shift_teams,2025-10-05,15
shift_teams,2026-03-23,22
shift_teams,2024-12-22,2
shift_teams,2025-01-03,2
shift_teams,2026-03-13,22
shift_teams,2025-05-21,8
shift_teams,2025-11-19,17
shift_teams,2025-06-18,13
shift_teams,2026-02-24,22
shift_teams,2026-01-26,22
shift_teams,2024-10-30,1
shift_teams,2026-03-02,22
shift_teams,2026-05-08,22
shift_teams,2025-05-25,8
shift_teams,2026-05-09,22
shift_teams,2025-04-12,7
shift_teams,2025-01-13,2
shift_teams,2025-11-15,17
shift_teams,2025-05-19,8
shift_teams,2025-07-13,14
shift_teams,2024-11-11,1
shift_teams,2024-06-14,1
shift_teams,2024-06-15,1
shift_teams,2025-01-04,2
shift_teams,2025-08-14,14
shift_teams,2025-03-11,3
shift_teams,2026-04-22,22
shift_teams,2025-03-13,3
shift_teams,2025-02-27,2
shift_teams,2025-05-15,8
shift_teams,2024-10-31,1
shift_teams,2025-03-19,3
shift_teams,2024-08-15,1
shift_teams,2025-09-18,15
shift_teams,2025-10-15,16
shift_teams,2024-06-23,1
shift_teams,2024-10-25,1
shift_teams,2026-05-18,22
shift_teams,2026-04-06,22
shift_teams,2026-02-20,22
shift_teams,2024-12-08,2
shift_teams,2025-07-21,14
shift_teams,2026-06-20,22
shift_teams,2025-02-20,2
shift_teams,2026-04-27,20
shift_teams,2026-03-06,22
shift_teams,2025-01-09,2
shift_teams,2025-08-01,14
shift_teams,2025-06-09,10
shift_teams,2024-12-25,2
shift_teams,2025-08-17,14
shift_teams,2024-10-21,1
shift_teams,2025-09-19,15
shift_teams,2025-09-04,15
shift_teams,2025-05-16,8
shift_teams,2026-02-25,22
shift_teams,2024-08-10,1
shift_teams,2025-02-03,2
shift_teams,2026-05-26,22
shift_teams,2024-08-27,1
shift_teams,2025-04-29,8
shift_teams,2025-12-15,22
shift_teams,2026-02-28,22
shift_teams,2026-05-06,22
shift_teams,2024-08-20,1
shift_teams,2025-04-04,5
shift_teams,2025-03-27,5
shift_teams,2025-09-26,15
shift_teams,2024-09-17,1
shift_teams,2025-05-17,8
shift_teams,2026-05-22,22
shift_teams,2025-07-03,13
shift_teams,2024-09-11,1
shift_teams,2025-06-26,13
shift_teams,2026-06-05,22
shift_teams,2025-07-08,13
shift_teams,2024-08-18,1
shift_teams,2025-04-16,7
shift_teams,2025-09-28,15
shift_teams,2026-04-02,22
shift_teams,2024-09-23,1
shift_teams,2025-09-25,15
shift_teams,2024-09-06,1
shift_teams,2025-02-12,2
shift_teams,2024-11-25,1
shift_teams,2024-12-31,2
shift_teams,2025-02-07,2
shift_teams,2025-06-04,10
shift_teams,2026-04-07,22
shift_teams,2026-05-17,21
shift_teams,2025-11-13,17
shift_teams,2024-08-26,1
shift_teams,2025-07-27,14
shift_teams,2026-07-01,22
shift_teams,2024-10-17,1
shift_teams,2026-07-06,20
shift_teams,2026-06-17,22
shift_teams,2024-12-06,2
shift_teams,2025-11-26,18
shift_teams,2024-08-12,1
shift_teams,2024-07-30,1
shift_teams,2024-12-18,2
shift_teams,2025-05-28,9
shift_teams,2024-08-19,1
shift_teams,2026-05-29,20
shift_teams,2025-02-01,2
shift_teams,2025-04-02,5
shift_teams,2024-09-14,1
shift_teams,2024-11-30,2
shift_teams,2026-05-14,22
shift_teams,2024-12-20,2
shift_teams,2025-05-13,8
shift_teams,2026-03-20,22
shift_teams,2026-04-15,22
shift_teams,2025-07-24,14
shift_teams,2025-06-12,10
shift_teams,2026-05-15,22
shift_teams,2025-08-02,14
shift_teams,2025-12-20,22
shift_teams,2025-07-05,14
shift_teams,2026-02-18,22
shift_teams,2025-04-10,7
shift_teams,2026-03-09,22
shift_teams,2024-08-04,1
shift_teams,2024-08-08,1
shift_teams,2025-09-15,15
shift_teams,2025-04-19,8
shift_teams,2026-01-14,22
shift_teams,2025-09-13,15
shift_teams,2025-08-13,14
shift_teams,2024-10-18,1
shift_teams,2025-01-01,2
shift_teams,2025-04-23,8
shift_teams,2025-10-08,15
shift_teams,2024-11-18,1
shift_teams,2025-04-11,7
shift_teams,2025-10-04,15
shift_teams,2025-12-05,20
shift_teams,2024-07-29,1
shift_teams,2025-12-02,19
shift_teams,2025-12-14,22
shift_teams,2024-07-24,1
shift_teams,2025-10-23,17
shift_teams,2024-11-20,1
shift_teams,2025-04-08,7
shift_teams,2026-01-15,22
shift_teams,2024-09-07,1
shift_teams,2025-09-05,15
shift_teams,2025-11-29,18
shift_teams,2026-06-27,22
shift_teams,2024-10-29,1
shift_teams,2025-08-11,14
shift_teams,2025-04-28,8
shift_teams,2026-02-02,22
shift_teams,2025-03-29,5
shift_teams,2026-01-23,22
shift_teams,2025-04-01,5
shift_teams,2024-10-23,1
shift_teams,2025-07-14,14
shift_teams,2025-03-26,5
shift_teams,2026-01-18,22
shift_teams,2025-07-19,14
shift_teams,2026-02-11,22
shift_teams,2025-05-14,8
shift_teams,2025-05-23,8
shift_teams,2026-03-07,22
shift_teams,2025-08-10,14
shift_teams,2024-07-09,1
shift_teams,2026-02-21,22
shift_teams,2025-06-13,12
shift_teams,2025-03-25,5
shift_teams,2025-06-06,10
shift_teams,2025-07-30,14
shift_teams,2024-09-15,1
shift_teams,2026-03-30,22
shift_teams,2026-06-28,22
shift_teams,2026-01-09,22
shift_teams,2025-07-02,13
shift_teams,2025-08-25,14
shift_teams,2025-09-14,15
shift_teams,2024-09-13,1
shift_teams,2024-07-14,1
shift_teams,2025-05-12,8
shift_teams,2024-10-09,1
shift_teams,2025-11-27,18
shift_teams,2024-11-26,1
shift_teams,2026-03-08,22
shift_teams,2026-01-25,22
shift_teams,2026-05-04,22
shift_teams,2024-12-23,2
shift_teams,2026-01-27,22
shift_teams,2026-05-30,22
shift_teams,2025-03-23,5
shift_teams,2025-08-31,15
shift_teams,2024-06-17,1
shift_teams,2024-10-26,1
shift_teams,2025-11-17,17
shift_teams,2025-08-07,14
shift_teams,2025-09-23,15
shift_teams,2025-12-04,20
shift_teams,2026-05-13,21
shift_teams,2025-06-14,12
shift_teams,2025-01-27,2
shift_teams,2024-09-05,1
shift_teams,2026-02-19,22
shift_teams,2025-03-30,5
shift_teams,2025-01-06,2
shift_teams,2026-05-23,22
shift_teams,2024-10-07,1
shift_teams,2025-04-18,8
shift_teams,2026-04-24,22
shift_teams,2025-01-29,2
shift_teams,2025-04-21,8
shift_teams,2025-06-20,13
shift_teams,2024-10-22,1
shift_teams,2024-11-28,1
shift_teams,2025-02-18,2
shift_teams,2025-07-31,14
shift_teams,2026-05-02,22
shift_teams,2026-01-13,22
shift_teams,2025-09-21,15
mould_planning_summary,2026-01-13,7
mould_planning_summary,2026-04-08,79
mould_planning_summary,2026-01-03,13
mould_planning_summary,2026-06-10,127
mould_planning_summary,2026-04-22,60
mould_planning_summary,2026-01-29,53
mould_planning_summary,2026-03-03,7
mould_planning_summary,2026-05-11,3
mould_planning_summary,2026-06-07,6
mould_planning_summary,2026-04-18,14
mould_planning_summary,2026-02-10,13
mould_planning_summary,2026-02-03,48
mould_planning_summary,2026-02-07,24
mould_planning_summary,2026-04-21,15
mould_planning_summary,2026-05-05,70
mould_planning_summary,2026-03-19,15
mould_planning_summary,2026-04-14,312
mould_planning_summary,2026-04-30,240
mould_planning_summary,2026-01-10,208
mould_planning_summary,2026-03-21,114
mould_planning_summary,2026-05-18,169
mould_planning_summary,2026-03-12,35
mould_planning_summary,2026-02-20,3
mould_planning_summary,2026-04-06,12
mould_planning_summary,2026-01-19,34
mould_planning_summary,2026-06-20,56
mould_planning_summary,2026-04-27,55
mould_planning_summary,2026-03-06,18
mould_planning_summary,2026-03-10,1
mould_planning_summary,2026-03-18,108
mould_planning_summary,2026-06-19,200
mould_planning_summary,2026-06-09,11
mould_planning_summary,2026-03-15,4
mould_planning_summary,2026-02-25,43
mould_planning_summary,2026-05-20,29
mould_planning_summary,2026-05-26,72
mould_planning_summary,2026-06-25,104
mould_planning_summary,2026-06-12,35
mould_planning_summary,2026-04-28,129
mould_planning_summary,2026-02-28,65
mould_planning_summary,2026-05-06,38
mould_planning_summary,2026-02-06,64
mould_planning_summary,2026-02-04,67
mould_planning_summary,2026-05-22,9
mould_planning_summary,2026-04-10,23
mould_planning_summary,2026-04-13,107
mould_planning_summary,2026-06-05,41
mould_planning_summary,2026-05-07,197
mould_planning_summary,2026-05-31,191
mould_planning_summary,2026-04-02,17
mould_planning_summary,2026-01-17,29
mould_planning_summary,2026-01-22,309
mould_planning_summary,2026-05-01,23
mould_planning_summary,2026-02-12,12
mould_planning_summary,2026-04-26,5
mould_planning_summary,2026-04-07,37
mould_planning_summary,2026-06-21,46
mould_planning_summary,2026-06-14,4
mould_planning_summary,2026-05-28,41
mould_planning_summary,2026-01-30,37
mould_planning_summary,2026-02-05,351
mould_planning_summary,2026-07-01,28
mould_planning_summary,2026-07-06,7
mould_planning_summary,2026-06-17,57
mould_planning_summary,2026-02-16,36
mould_planning_summary,2026-07-07,27
mould_planning_summary,2026-06-08,235
mould_planning_summary,2026-03-31,9
mould_planning_summary,2026-02-17,7
mould_planning_summary,2026-05-29,21
mould_planning_summary,2026-04-03,13
mould_planning_summary,2026-04-23,123
mould_planning_summary,2026-01-31,25
mould_planning_summary,2026-04-20,53
mould_planning_summary,2026-06-16,109
mould_planning_summary,2026-05-14,30
mould_planning_summary,2026-03-27,3
mould_planning_summary,2026-01-08,20
mould_planning_summary,2026-01-21,473
mould_planning_summary,2026-03-20,57
mould_planning_summary,2026-04-17,12
mould_planning_summary,2026-05-25,13
mould_planning_summary,2026-04-15,23
mould_planning_summary,2026-05-15,72
mould_planning_summary,2026-01-05,9
mould_planning_summary,2026-06-29,116
mould_planning_summary,2026-06-13,125
mould_planning_summary,2026-01-20,13
mould_planning_summary,2026-02-18,23
mould_planning_summary,2026-04-04,9
mould_planning_summary,2026-03-09,9
mould_planning_summary,2026-01-14,3
mould_planning_summary,2026-03-28,119
mould_planning_summary,2026-06-24,19
mould_planning_summary,2026-01-28,42
mould_planning_summary,2026-03-05,48
mould_planning_summary,2026-05-21,8
mould_planning_summary,2026-04-01,52
mould_planning_summary,2026-02-23,40
mould_planning_summary,2026-06-06,106
mould_planning_summary,2026-01-15,40
mould_planning_summary,2026-06-27,116
mould_planning_summary,2026-04-16,287
mould_planning_summary,2026-01-07,25
mould_planning_summary,2026-02-13,159
mould_planning_summary,2026-02-02,78
mould_planning_summary,2026-01-23,17
mould_planning_summary,2026-01-02,28
mould_planning_summary,2026-03-25,16
mould_planning_summary,2026-03-29,27
mould_planning_summary,2026-01-18,86
mould_planning_summary,2026-02-26,24
mould_planning_summary,2026-05-16,4
mould_planning_summary,2026-02-11,40
mould_planning_summary,2026-02-22,75
mould_planning_summary,2026-05-03,109
mould_planning_summary,2026-03-07,9
mould_planning_summary,2026-07-05,9
mould_planning_summary,2026-02-21,68
mould_planning_summary,2026-04-09,11
mould_planning_summary,2026-05-19,57
mould_planning_summary,2026-06-22,39
mould_planning_summary,2026-01-01,49
mould_planning_summary,2026-03-30,6
mould_planning_summary,2026-01-24,142
mould_planning_summary,2026-03-11,21
mould_planning_summary,2026-06-28,52
mould_planning_summary,2026-05-12,15
mould_planning_summary,2026-01-09,122
mould_planning_summary,2026-07-02,15
mould_planning_summary,2026-01-16,43
mould_planning_summary,2026-03-24,51
mould_planning_summary,2026-03-14,25
mould_planning_summary,2026-04-29,123
mould_planning_summary,2026-06-23,26
mould_planning_summary,2026-03-17,48
mould_planning_summary,2026-01-06,81
mould_planning_summary,2026-07-04,21
mould_planning_summary,2026-03-23,6
mould_planning_summary,2026-06-18,109
mould_planning_summary,2026-06-11,20
mould_planning_summary,2026-03-08,83
mould_planning_summary,2026-03-13,23
mould_planning_summary,2026-01-25,4
mould_planning_summary,2026-05-24,39
mould_planning_summary,2026-05-04,3
mould_planning_summary,2026-01-27,4
mould_planning_summary,2026-05-30,427
mould_planning_summary,2026-07-03,97
mould_planning_summary,2026-02-09,85
mould_planning_summary,2026-06-02,59
mould_planning_summary,2026-06-26,191
mould_planning_summary,2026-06-03,139
mould_planning_summary,2026-06-01,80
mould_planning_summary,2026-06-04,3
mould_planning_summary,2026-01-12,8
mould_planning_summary,2026-03-26,3
mould_planning_summary,2026-05-13,13
mould_planning_summary,2026-02-14,77
mould_planning_summary,2026-05-27,14
mould_planning_summary,2026-04-25,101
mould_planning_summary,2026-02-24,28
mould_planning_summary,2026-02-19,54
mould_planning_summary,2026-05-23,192
mould_planning_summary,2026-03-02,86
mould_planning_summary,2026-04-24,390
mould_planning_summary,2026-05-08,74
mould_planning_summary,2026-07-08,5
mould_planning_summary,2026-05-09,129
mould_planning_summary,2026-06-15,63
mould_planning_summary,2026-04-11,114
mould_planning_summary,2026-05-02,34
or_jr_report,2026-01-13,9
or_jr_report,2026-04-08,23
or_jr_report,2026-01-03,3
or_jr_report,2026-06-10,66
or_jr_report,2026-04-22,18
or_jr_report,2026-03-03,4
or_jr_report,2026-01-29,21
or_jr_report,2026-05-11,1
or_jr_report,2026-06-07,2
or_jr_report,2026-04-18,5
or_jr_report,2025-12-01,1
or_jr_report,2026-02-10,4
or_jr_report,2026-02-03,16
or_jr_report,2025-12-22,15
or_jr_report,2026-02-07,9
or_jr_report,2026-05-05,25
or_jr_report,2026-04-21,3
or_jr_report,2026-03-19,4
or_jr_report,2026-04-14,98
or_jr_report,2026-04-30,87
or_jr_report,2026-01-10,66
or_jr_report,2026-03-21,43
or_jr_report,2026-05-18,59
or_jr_report,2026-03-12,11
or_jr_report,2025-12-23,13
or_jr_report,2026-04-06,3
or_jr_report,2026-02-20,2
or_jr_report,2025-12-29,14
or_jr_report,2026-01-19,12
or_jr_report,2026-06-20,35
or_jr_report,2025-12-13,9
or_jr_report,2025-12-30,12
or_jr_report,2026-04-27,11
or_jr_report,2026-03-06,8
or_jr_report,2025-12-19,8
or_jr_report,2026-03-10,2
or_jr_report,2026-03-18,32
or_jr_report,2026-06-19,93
or_jr_report,2025-12-31,2
or_jr_report,2025-12-11,15
or_jr_report,2026-06-09,6
or_jr_report,2025-12-16,9
or_jr_report,2026-03-15,1
or_jr_report,2026-05-20,6
or_jr_report,2026-02-25,13
or_jr_report,2026-06-25,48
or_jr_report,2026-05-26,26
or_jr_report,2026-06-12,20
or_jr_report,2025-12-24,9
or_jr_report,2026-04-28,98
or_jr_report,2025-12-15,11
or_jr_report,2026-02-28,18
or_jr_report,2026-05-06,15
or_jr_report,2026-02-04,14
or_jr_report,2026-02-06,14
or_jr_report,2026-05-22,13
or_jr_report,2026-04-10,5
or_jr_report,2026-04-13,21
or_jr_report,2026-05-07,77
or_jr_report,2026-06-05,25
or_jr_report,2026-05-31,87
or_jr_report,2026-04-02,5
or_jr_report,2025-12-07,1
or_jr_report,2026-01-17,12
or_jr_report,2026-01-22,96
or_jr_report,2026-05-01,38
or_jr_report,2026-02-12,11
or_jr_report,2025-12-28,1
or_jr_report,2026-04-26,2
or_jr_report,2026-04-07,12
or_jr_report,2026-06-21,23
or_jr_report,2026-06-14,2
or_jr_report,2026-05-17,2
or_jr_report,2026-05-28,29
or_jr_report,2026-01-30,8
or_jr_report,2026-02-05,114
or_jr_report,2026-07-01,18
or_jr_report,2026-07-06,10
or_jr_report,2026-06-17,75
or_jr_report,2026-02-16,10
or_jr_report,2026-07-07,22
or_jr_report,2026-06-08,114
or_jr_report,2026-03-31,3
or_jr_report,2025-12-03,32
or_jr_report,2026-02-17,2
or_jr_report,2026-05-29,26
or_jr_report,2026-04-03,7
or_jr_report,2026-04-23,43
or_jr_report,2026-01-31,8
or_jr_report,2025-12-25,5
or_jr_report,2025-12-06,33
or_jr_report,2026-04-20,15
or_jr_report,2026-06-16,63
or_jr_report,2026-05-14,9
or_jr_report,2026-03-27,1
or_jr_report,2026-01-08,8
or_jr_report,2026-01-21,136
or_jr_report,2026-03-20,17
or_jr_report,2026-04-17,4
or_jr_report,2026-05-25,6
or_jr_report,2026-04-15,6
or_jr_report,2026-05-15,34
or_jr_report,2026-01-05,1
or_jr_report,2026-06-29,45
or_jr_report,2025-12-20,26
or_jr_report,2026-06-13,60
or_jr_report,2026-02-18,5
or_jr_report,2026-01-20,4
or_jr_report,2026-04-04,3
or_jr_report,2026-03-09,2
or_jr_report,2026-01-14,1
or_jr_report,2025-12-26,17
or_jr_report,2025-12-18,17
or_jr_report,2026-03-28,33
or_jr_report,2025-12-05,18
or_jr_report,2026-01-28,21
or_jr_report,2026-06-24,8
or_jr_report,2026-03-05,15
or_jr_report,2026-05-21,4
or_jr_report,2025-12-21,1
or_jr_report,2026-04-01,14
or_jr_report,2025-12-02,15
or_jr_report,2026-02-23,14
or_jr_report,2026-06-06,68
or_jr_report,2026-01-15,16
or_jr_report,2026-06-27,61
or_jr_report,2026-04-16,75
or_jr_report,2026-01-07,8
or_jr_report,2026-02-13,42
or_jr_report,2026-02-02,30
or_jr_report,2026-01-23,4
or_jr_report,2026-01-02,5
or_jr_report,2026-03-25,4
or_jr_report,2026-03-29,20
or_jr_report,2026-01-18,25
or_jr_report,2026-02-26,15
or_jr_report,2026-05-16,7
or_jr_report,2026-02-11,10
or_jr_report,2025-12-09,44
or_jr_report,2026-02-22,22
or_jr_report,2026-05-03,35
or_jr_report,2026-03-07,5
or_jr_report,2026-07-05,1
or_jr_report,2026-04-09,4
or_jr_report,2026-05-19,31
or_jr_report,2026-02-21,19
or_jr_report,2026-06-22,20
or_jr_report,2026-01-01,7
or_jr_report,2026-03-30,2
or_jr_report,2026-01-24,44
or_jr_report,2026-03-11,8
or_jr_report,2026-05-12,7
or_jr_report,2026-06-28,24
or_jr_report,2026-01-09,37
or_jr_report,2026-07-02,8
or_jr_report,2026-01-16,15
or_jr_report,2026-03-24,16
or_jr_report,2026-03-14,8
or_jr_report,2026-04-29,67
or_jr_report,2026-03-17,19
or_jr_report,2026-06-23,19
or_jr_report,2026-01-06,21
or_jr_report,2026-03-23,2
or_jr_report,2026-07-04,12
or_jr_report,2026-06-18,79
or_jr_report,2026-06-11,15
or_jr_report,2026-03-08,21
or_jr_report,2026-03-13,8
or_jr_report,2025-12-08,74
or_jr_report,2026-01-25,1
or_jr_report,2026-05-24,17
or_jr_report,2026-05-04,9
or_jr_report,2026-01-27,3
or_jr_report,2026-05-30,221
or_jr_report,2026-07-03,46
or_jr_report,2026-02-09,29
or_jr_report,2026-06-02,37
or_jr_report,2025-12-27,20
or_jr_report,2026-06-26,102
or_jr_report,2026-06-03,82
or_jr_report,2026-06-01,36
or_jr_report,2025-12-17,50
or_jr_report,2026-01-12,5
or_jr_report,2026-06-04,2
or_jr_report,2025-12-10,14
or_jr_report,2025-12-04,12
or_jr_report,2026-03-26,3
or_jr_report,2026-05-13,7
or_jr_report,2026-02-14,24
or_jr_report,2026-05-27,12
or_jr_report,2026-04-25,47
or_jr_report,2026-02-24,7
or_jr_report,2026-02-19,18
or_jr_report,2025-12-12,17
or_jr_report,2026-05-23,84
or_jr_report,2026-03-02,23
or_jr_report,2026-04-24,120
or_jr_report,2026-05-08,21
or_jr_report,2026-07-08,6
or_jr_report,2026-05-09,41
or_jr_report,2026-06-15,33
or_jr_report,2026-04-11,30
or_jr_report,2026-05-02,12
